﻿[
      {
         "id":"CAM_TYPE_XZ_PARA",
         "fields":"dist,num1,angleA,angleB"
      },
      {
         "id":"CAM_TYPE_TOWER",
         "fields":"angleB,dist,angleA,wpoint.X,wpoint.Y,wpoint.Z,axis.X,axis.Y,axis.Z"
      },
      {
         "id":"CAM_TYPE_FOLLOW",
         "fields":"num1,axis.X,axis.Y,axis.Z,angleA,angleB,dist"
      },
      {
         "id":"CAM_TYPE_WONDER_PLANET",
         "fields":"angleA,axis.Y,axis.X"
      },
      {
         "id":"CAM_TYPE_POINT_FIX",
         "fields":"dist,axis.X,axis.Y,wpoint.X,wpoint.Y,wpoint.Z"
      },
      {
         "id":"CAM_TYPE_EYEPOS_FIX",
         "fields":"wpoint.X,wpoint.Y,wpoint.Z,num1"
      },
      {
         "id":"CAM_TYPE_SLIDER",
         "fields":"axis.X,dist,angleA,angleB"
      },
      {
         "id":"CAM_TYPE_INWARD_TOWER",
         "fields":"angleB,angleA,dist,wpoint.X,wpoint.Y,wpoint.Z"
      },
      {
         "id":"CAM_TYPE_EYEPOS_FIX_THERE",
         "fields":"num1,num2"
      },
      {
         "id":"CAM_TYPE_TRIPOD_BOSS",
         "fields":"up.X,up.Y,up.Z,axis.X,axis.Y,axis.Z,wpoint.X,wpoint.Y,wpoint.Z,dist"
      },
      {
         "id":"CAM_TYPE_TOWER_POS",
         "fields":"angleA,angleB,up.X,up.Y,wpoint.X,wpoint.Y,wpoint.Z,axis.X,axis.Y,axis.Z"
      },
      {
         "id":"CAM_TYPE_TRIPOD_PLANET",
         "fields":"axis.X,axis.Y,axis.Z,angleA,angleB,dist,wpoint.X,wpoint.Y,wpoint.Z"
      },
      {
         "id":"CAM_TYPE_DEAD",
         "fields":"dist,num1,num2"
      },
      {
         "id":"CAM_TYPE_INWARD_SPHERE",
         "fields":"angleA,angleB,dist"
      },
      {
         "id":"CAM_TYPE_RAIL_DEMO",
         "fields":"num1,num2,dist"
      },
      {
         "id":"CAM_TYPE_RAIL_FOLLOW",
         "fields":"num1,num2,dist,wpoint.x,wpoint.y"
      },
      {
         "id":"CAM_TYPE_TRIPOD_BOSS_JOINT",
         "fields":"num1,dist,angleA,angleB,axis.X,axis.Y,axis.Z"
      },
      {
         "id":"CAM_TYPE_CHARMED_TRIPOD_BOSS",
         "fields":"up.X,up.Y,up.Z,axis.X,axis.Y,num1,wpoint.X,wpoint.Y,wpoint.Z"
      },
      {
         "id":"CAM_TYPE_OBJ_PARALLEL",
         "fields":"angleA,angleB,dist"
      },
      {
         "id":"CAM_TYPE_CHARMED_FIX",
         "fields":"up.X,up.Y,up.Z,axis.X,axis.Y,axis.Z,wpoint.X,wpoint.Y,wpoint.Z"
      },
      {
         "id":"CAM_TYPE_GROUND",
         "fields":"angleA,angleB,dist,up.X,up.Y,up.Z"
      },
      {
         "id":"CAM_TYPE_TRUNDLE",
         "fields":"axis.X,axis.Y,axis.Z,up.X,angleA,angleB,dist,wpoint.X,wpoint.Y,wpoint.Z"
      },
      {
         "id":"CAM_TYPE_CUBE_PLANET",
         "fields":"angleA,angleB,dist"
      },
      {
         "id":"CAM_TYPE_INNER_CYLINDER",
         "fields":"axis.X,axis.Y,axis.Z,angleA,angleB,up.X,dist,wpoint.x,wpoint.y,wpoint.z"
      },
      {
         "id":"CAM_TYPE_SPIRAL_DEMO",
         "fields":"num1,num2,wpoint.X,wpoint.Y,wpoint.Z,axis.X,axis.Y,axis.Z"
      },
      {
         "id":"CAM_TYPE_TALK",
         "fields":"wpoint.X,wpoint.Y,wpoint.Z,up.X,up.Y,up.Z,axis.X,axis.Y"
      },
      {
         "id":"CAM_TYPE_MTXREG_PARALLEL",
         "fields":"angleA,angleB,dist,string,wpoint.X,wpoint.Y,wpoint.Z"
      },
      {
         "id":"CAM_TYPE_CHARMED_VECREG",
         "fields":"angleB,angleA,axis.X,axis.Y,axis.Z,dist,string"
      },
      {
         "id":"CAM_TYPE_MEDIAN_PLANET",
         "fields":"wpoint.X,angleA,angleB,dist,axis.X,axis.Y,axis.Z,string"
      },
      {
         "id":"CAM_TYPE_TWISTED_PASSAGE",
         "fields":"num1,axis.X,axis.Y"
      },
      {
         "id":"CAM_TYPE_MEDIAN_TOWER",
         "fields":"up.X,up.Y,up.Z,angleA,string,wpoint.X,wpoint.Y,wpoint.Z,axis.X,axis.Y,axis.Z"
      },
      {
         "id":"CAM_TYPE_CHARMED_VECREG_TOWER",
         "fields":"axis.X,axis.Y,axis.Z,dist,angleB,angleA,num1,wpoint.X,wpoint.Y,wpoint.Z,string"
      },
      {
         "id":"CAM_TYPE_FRONT_AND_BACK",
         "fields":"axis.X,axis.Y,axis.Z,dist,angleA,angleB,wpoint.X,wpoint.Y,wpoint.Z"
      },
      {
         "id":"CAM_TYPE_RACE_FOLLOW",
         "fields":"num1,wpoint.x,wpoint.Y,wpoint.Z,angleA"
      },
      {
         "id":"CAM_TYPE_2D_SLIDE",
         "fields":"axis.X,axis.Y,axis.Z,up.X,up.Y,up.Z,dist,angleA,wpoint.X,wpoint.Y,wpoint.Z"
      },
      {
         "id":"CAM_TYPE_FOO_FIGHTER",
         "fields":"dist,axis.X,axis.Y"
      },
      {
         "id":"CAM_TYPE_FOO_FIGHTER_PLANET",
         "fields":"angleA,axis.X,axis.Y"
      },
      {
         "id":"CAM_TYPE_BLACK_HOLE",
         "fields":"axis.X,axis.Y,axis.Z,wpoint.X,wpoint.Y,wpoint.Z"
      },
      {
         "id":"CAM_TYPE_ANIM",
         "fields":"dist,num1"
      },
      {
         "id":"CAM_TYPE_DPD",
         "fields":"up.X,wpoint.X,wpoint.Y,wpoint.Z,angleB,angleA,num1,num2,dist"
      },
      {
         "id":"CAM_TYPE_WATER_FOLLOW",
         "fields":"dist,axis.X,axis.Y"
      },
      {
         "id":"CAM_TYPE_WATER_PLANET",
         "fields":"angleA,axis.X,axis.Y"
      },
      {
         "id":"CAM_TYPE_WATER_PLANET_BOSS",
         "fields":"wpoint.z,num1,up.X,up.Y,up.Z,axis.Z,axis.Y,axis.X,dist"
      },
      {
         "id":"CAM_TYPE_RAIL_WATCH",
         "fields":"num1,num2,axis.X,dist,angleA"
      },
      {
         "id":"CAM_TYPE_SUBJECTIVE",
         "fields":"none"
      },
      {
         "id":"CAM_TYPE_SPHERE_TRUNDLE",
         "fields":"wpoint.X,wpoint.Y,wpoint.Z,angleA,dist,axis.Z"
      },
      {
         "id":"CAM_TYPE_FREEZE",
         "fields":"none"
      }
]